-- MySQL dump 10.13  Distrib 8.0.33, for Linux (x86_64)
--
-- Host: localhost    Database: TUNESOURCE
-- ------------------------------------------------------
-- Server version	8.0.33

/*!40101 SET @OLD_CHARACTER_SET_CLIENT=@@CHARACTER_SET_CLIENT */;
/*!40101 SET @OLD_CHARACTER_SET_RESULTS=@@CHARACTER_SET_RESULTS */;
/*!40101 SET @OLD_COLLATION_CONNECTION=@@COLLATION_CONNECTION */;
/*!50503 SET NAMES utf8mb4 */;
/*!40103 SET @OLD_TIME_ZONE=@@TIME_ZONE */;
/*!40103 SET TIME_ZONE='+00:00' */;
/*!40014 SET @OLD_UNIQUE_CHECKS=@@UNIQUE_CHECKS, UNIQUE_CHECKS=0 */;
/*!40014 SET @OLD_FOREIGN_KEY_CHECKS=@@FOREIGN_KEY_CHECKS, FOREIGN_KEY_CHECKS=0 */;
/*!40101 SET @OLD_SQL_MODE=@@SQL_MODE, SQL_MODE='NO_AUTO_VALUE_ON_ZERO' */;
/*!40111 SET @OLD_SQL_NOTES=@@SQL_NOTES, SQL_NOTES=0 */;

--
-- Table structure for table `ARTIST`
--

DROP TABLE IF EXISTS `ARTIST`;
/*!40101 SET @saved_cs_client     = @@character_set_client */;
/*!50503 SET character_set_client = utf8mb4 */;
CREATE TABLE `ARTIST` (
  `ARTIST_ID` int NOT NULL AUTO_INCREMENT,
  `ARTIST_NAME` varchar(256) CHARACTER SET utf8mb3 COLLATE utf8mb3_general_ci NOT NULL,
  `ARTIST_EMAIL` varchar(256) CHARACTER SET utf8mb3 COLLATE utf8mb3_general_ci NOT NULL,
  `ARTIST_AGE` int DEFAULT NULL,
  `ARTIST_DESCRIPTION` mediumtext,
  PRIMARY KEY (`ARTIST_ID`)
) ENGINE=InnoDB DEFAULT CHARSET=utf8mb4 COLLATE=utf8mb4_0900_ai_ci;
/*!40101 SET character_set_client = @saved_cs_client */;

--
-- Dumping data for table `ARTIST`
--

LOCK TABLES `ARTIST` WRITE;
/*!40000 ALTER TABLE `ARTIST` DISABLE KEYS */;
/*!40000 ALTER TABLE `ARTIST` ENABLE KEYS */;
UNLOCK TABLES;

--
-- Table structure for table `CART_ITEM`
--

DROP TABLE IF EXISTS `CART_ITEM`;
/*!40101 SET @saved_cs_client     = @@character_set_client */;
/*!50503 SET character_set_client = utf8mb4 */;
CREATE TABLE `CART_ITEM` (
  `USER_ID` int NOT NULL,
  `PRODUCT_ITEM_ID` int NOT NULL,
  `QUANTITY` int NOT NULL,
  `PRICE` mediumtext NOT NULL,
  PRIMARY KEY (`USER_ID`,`PRODUCT_ITEM_ID`),
  KEY `FK_CART_ITEM_PRODUCT_ITEM_ID` (`PRODUCT_ITEM_ID`),
  CONSTRAINT `CART_ITEM_ibfk_1` FOREIGN KEY (`USER_ID`) REFERENCES `USER` (`USER_ID`) ON DELETE RESTRICT,
  CONSTRAINT `CART_ITEM_ibfk_2` FOREIGN KEY (`PRODUCT_ITEM_ID`) REFERENCES `PRODUCT_ITEM` (`PRODUCT_ITEM_ID`) ON DELETE RESTRICT
) ENGINE=InnoDB DEFAULT CHARSET=utf8mb4 COLLATE=utf8mb4_0900_ai_ci;
/*!40101 SET character_set_client = @saved_cs_client */;

--
-- Dumping data for table `CART_ITEM`
--

LOCK TABLES `CART_ITEM` WRITE;
/*!40000 ALTER TABLE `CART_ITEM` DISABLE KEYS */;
/*!40000 ALTER TABLE `CART_ITEM` ENABLE KEYS */;
UNLOCK TABLES;

--
-- Table structure for table `CATEGORY`
--

DROP TABLE IF EXISTS `CATEGORY`;
/*!40101 SET @saved_cs_client     = @@character_set_client */;
/*!50503 SET character_set_client = utf8mb4 */;
CREATE TABLE `CATEGORY` (
  `CATEGORY_ID` int NOT NULL AUTO_INCREMENT,
  `CATEGORY_NAME` varchar(10) CHARACTER SET utf8mb3 COLLATE utf8mb3_general_ci NOT NULL,
  PRIMARY KEY (`CATEGORY_ID`)
) ENGINE=InnoDB AUTO_INCREMENT=3 DEFAULT CHARSET=utf8mb4 COLLATE=utf8mb4_0900_ai_ci;
/*!40101 SET character_set_client = @saved_cs_client */;

--
-- Dumping data for table `CATEGORY`
--

LOCK TABLES `CATEGORY` WRITE;
/*!40000 ALTER TABLE `CATEGORY` DISABLE KEYS */;
INSERT INTO `CATEGORY` VALUES (1,'VINYL'),(2,'CLOTHING');
/*!40000 ALTER TABLE `CATEGORY` ENABLE KEYS */;
UNLOCK TABLES;

--
-- Table structure for table `ORDER_STATUS`
--

DROP TABLE IF EXISTS `ORDER_STATUS`;
/*!40101 SET @saved_cs_client     = @@character_set_client */;
/*!50503 SET character_set_client = utf8mb4 */;
CREATE TABLE `ORDER_STATUS` (
  `ORDER_STATUS_ID` int NOT NULL AUTO_INCREMENT,
  `ORDER_STATUS_NAME` varchar(256) CHARACTER SET utf8mb3 COLLATE utf8mb3_general_ci NOT NULL,
  PRIMARY KEY (`ORDER_STATUS_ID`)
) ENGINE=InnoDB DEFAULT CHARSET=utf8mb4 COLLATE=utf8mb4_0900_ai_ci;
/*!40101 SET character_set_client = @saved_cs_client */;

--
-- Dumping data for table `ORDER_STATUS`
--

LOCK TABLES `ORDER_STATUS` WRITE;
/*!40000 ALTER TABLE `ORDER_STATUS` DISABLE KEYS */;
/*!40000 ALTER TABLE `ORDER_STATUS` ENABLE KEYS */;
UNLOCK TABLES;

--
-- Table structure for table `PAYMENT_METHOD`
--

DROP TABLE IF EXISTS `PAYMENT_METHOD`;
/*!40101 SET @saved_cs_client     = @@character_set_client */;
/*!50503 SET character_set_client = utf8mb4 */;
CREATE TABLE `PAYMENT_METHOD` (
  `PAYMENT_METHOD_ID` int NOT NULL AUTO_INCREMENT,
  `PAYMENT_METHOD_NAME` varchar(256) CHARACTER SET utf8mb3 COLLATE utf8mb3_general_ci NOT NULL,
  PRIMARY KEY (`PAYMENT_METHOD_ID`)
) ENGINE=InnoDB DEFAULT CHARSET=utf8mb4 COLLATE=utf8mb4_0900_ai_ci;
/*!40101 SET character_set_client = @saved_cs_client */;

--
-- Dumping data for table `PAYMENT_METHOD`
--

LOCK TABLES `PAYMENT_METHOD` WRITE;
/*!40000 ALTER TABLE `PAYMENT_METHOD` DISABLE KEYS */;
/*!40000 ALTER TABLE `PAYMENT_METHOD` ENABLE KEYS */;
UNLOCK TABLES;

--
-- Table structure for table `PRODUCT`
--

DROP TABLE IF EXISTS `PRODUCT`;
/*!40101 SET @saved_cs_client     = @@character_set_client */;
/*!50503 SET character_set_client = utf8mb4 */;
CREATE TABLE `PRODUCT` (
  `PRODUCT_ID` int NOT NULL AUTO_INCREMENT,
  `PRODUCT_NAME` varchar(100) CHARACTER SET utf8mb3 COLLATE utf8mb3_general_ci NOT NULL,
  `CATEGORY_ID` int NOT NULL,
  `DESCRIPTION` varchar(256) CHARACTER SET utf8mb3 COLLATE utf8mb3_general_ci NOT NULL,
  `ARTIST_ID` int DEFAULT NULL,
  PRIMARY KEY (`PRODUCT_ID`),
  KEY `FK_PRODUCT_CATEGORY` (`CATEGORY_ID`),
  KEY `FK_PRODUCT_ARTIST` (`ARTIST_ID`),
  CONSTRAINT `PRODUCT_ibfk_1` FOREIGN KEY (`CATEGORY_ID`) REFERENCES `CATEGORY` (`CATEGORY_ID`) ON DELETE RESTRICT,
  CONSTRAINT `PRODUCT_ibfk_2` FOREIGN KEY (`ARTIST_ID`) REFERENCES `ARTIST` (`ARTIST_ID`) ON DELETE RESTRICT
) ENGINE=InnoDB AUTO_INCREMENT=4 DEFAULT CHARSET=utf8mb4 COLLATE=utf8mb4_0900_ai_ci;
/*!40101 SET character_set_client = @saved_cs_client */;

--
-- Dumping data for table `PRODUCT`
--

LOCK TABLES `PRODUCT` WRITE;
/*!40000 ALTER TABLE `PRODUCT` DISABLE KEYS */;
INSERT INTO `PRODUCT` VALUES (1,'Planet Her',1,'Something Doja Cat',NULL),(2,'AIRism Cotton Áo Thun Cổ Tròn Dáng Rộng',2,'Chất liệu vải \'AIRism\' mềm mại. Kiểu dáng rộng thời trang.',NULL),(3,'Áo Thun Dry-EX Cổ Tròn Ngắn Tay',2,'Áo thun được thiết kế để tạo sự thoải mái mát mẻ. Hoàn hảo cho các hoạt động thể thao.',NULL);
/*!40000 ALTER TABLE `PRODUCT` ENABLE KEYS */;
UNLOCK TABLES;

--
-- Table structure for table `PRODUCT_IMAGE`
--

DROP TABLE IF EXISTS `PRODUCT_IMAGE`;
/*!40101 SET @saved_cs_client     = @@character_set_client */;
/*!50503 SET character_set_client = utf8mb4 */;
CREATE TABLE `PRODUCT_IMAGE` (
  `PRODUCT_ITEM_ID` int NOT NULL,
  `PRODUCT_IMAGE_LINK` varchar(256) CHARACTER SET utf8mb3 COLLATE utf8mb3_general_ci NOT NULL,
  PRIMARY KEY (`PRODUCT_ITEM_ID`,`PRODUCT_IMAGE_LINK`),
  CONSTRAINT `PRODUCT_IMAGE_ibfk_1` FOREIGN KEY (`PRODUCT_ITEM_ID`) REFERENCES `PRODUCT_ITEM` (`PRODUCT_ITEM_ID`) ON DELETE RESTRICT
) ENGINE=InnoDB DEFAULT CHARSET=utf8mb4 COLLATE=utf8mb4_0900_ai_ci;
/*!40101 SET character_set_client = @saved_cs_client */;

--
-- Dumping data for table `PRODUCT_IMAGE`
--

LOCK TABLES `PRODUCT_IMAGE` WRITE;
/*!40000 ALTER TABLE `PRODUCT_IMAGE` DISABLE KEYS */;
/*!40000 ALTER TABLE `PRODUCT_IMAGE` ENABLE KEYS */;
UNLOCK TABLES;

--
-- Table structure for table `PRODUCT_ITEM`
--

DROP TABLE IF EXISTS `PRODUCT_ITEM`;
/*!40101 SET @saved_cs_client     = @@character_set_client */;
/*!50503 SET character_set_client = utf8mb4 */;
CREATE TABLE `PRODUCT_ITEM` (
  `PRODUCT_ITEM_ID` int NOT NULL AUTO_INCREMENT,
  `PRODUCT_ID` int NOT NULL,
  `QUANTITY` int NOT NULL,
  `PRICE` varchar(10) CHARACTER SET utf8mb3 COLLATE utf8mb3_general_ci NOT NULL,
  PRIMARY KEY (`PRODUCT_ITEM_ID`),
  KEY `FK_PRODUCT_ITEM_PRODUCT` (`PRODUCT_ID`),
  CONSTRAINT `PRODUCT_ITEM_ibfk_1` FOREIGN KEY (`PRODUCT_ID`) REFERENCES `PRODUCT` (`PRODUCT_ID`) ON DELETE RESTRICT
) ENGINE=InnoDB AUTO_INCREMENT=6 DEFAULT CHARSET=utf8mb4 COLLATE=utf8mb4_0900_ai_ci;
/*!40101 SET character_set_client = @saved_cs_client */;

--
-- Dumping data for table `PRODUCT_ITEM`
--

LOCK TABLES `PRODUCT_ITEM` WRITE;
/*!40000 ALTER TABLE `PRODUCT_ITEM` DISABLE KEYS */;
INSERT INTO `PRODUCT_ITEM` VALUES (1,1,100,'$20'),(2,2,100,'399.000'),(3,2,45,'399.000'),(4,3,46,'399.000'),(5,3,47,'399.000');
/*!40000 ALTER TABLE `PRODUCT_ITEM` ENABLE KEYS */;
UNLOCK TABLES;

--
-- Table structure for table `PRODUCT_VARIANT`
--

DROP TABLE IF EXISTS `PRODUCT_VARIANT`;
/*!40101 SET @saved_cs_client     = @@character_set_client */;
/*!50503 SET character_set_client = utf8mb4 */;
CREATE TABLE `PRODUCT_VARIANT` (
  `VARIANT_OPTION_ID` int NOT NULL,
  `PRODUCT_ITEM_ID` int NOT NULL,
  KEY `FK_PRODUCT_VARIANT_PRODUCT_ITEM` (`PRODUCT_ITEM_ID`),
  KEY `FK_PRODUCT_VARIANT_VARIANT_OPTION` (`VARIANT_OPTION_ID`),
  CONSTRAINT `PRODUCT_VARIANT_ibfk_1` FOREIGN KEY (`PRODUCT_ITEM_ID`) REFERENCES `PRODUCT_ITEM` (`PRODUCT_ITEM_ID`) ON DELETE RESTRICT,
  CONSTRAINT `PRODUCT_VARIANT_ibfk_2` FOREIGN KEY (`VARIANT_OPTION_ID`) REFERENCES `VARIANT_OPTION` (`VARIANT_OPTION_ID`) ON DELETE RESTRICT
) ENGINE=InnoDB DEFAULT CHARSET=utf8mb4 COLLATE=utf8mb4_0900_ai_ci;
/*!40101 SET character_set_client = @saved_cs_client */;

--
-- Dumping data for table `PRODUCT_VARIANT`
--

LOCK TABLES `PRODUCT_VARIANT` WRITE;
/*!40000 ALTER TABLE `PRODUCT_VARIANT` DISABLE KEYS */;
INSERT INTO `PRODUCT_VARIANT` VALUES (1,2),(4,2),(2,3),(4,3),(1,4),(4,4),(2,5),(4,5);
/*!40000 ALTER TABLE `PRODUCT_VARIANT` ENABLE KEYS */;
UNLOCK TABLES;

--
-- Table structure for table `SHIPPING_METHOD`
--

DROP TABLE IF EXISTS `SHIPPING_METHOD`;
/*!40101 SET @saved_cs_client     = @@character_set_client */;
/*!50503 SET character_set_client = utf8mb4 */;
CREATE TABLE `SHIPPING_METHOD` (
  `SHIPPING_METHOD_ID` int NOT NULL AUTO_INCREMENT,
  `SHIPPING_METHOD_NAME` varchar(256) CHARACTER SET utf8mb3 COLLATE utf8mb3_general_ci NOT NULL,
  PRIMARY KEY (`SHIPPING_METHOD_ID`)
) ENGINE=InnoDB DEFAULT CHARSET=utf8mb4 COLLATE=utf8mb4_0900_ai_ci;
/*!40101 SET character_set_client = @saved_cs_client */;

--
-- Dumping data for table `SHIPPING_METHOD`
--

LOCK TABLES `SHIPPING_METHOD` WRITE;
/*!40000 ALTER TABLE `SHIPPING_METHOD` DISABLE KEYS */;
/*!40000 ALTER TABLE `SHIPPING_METHOD` ENABLE KEYS */;
UNLOCK TABLES;

--
-- Table structure for table `SHOP_ORDER`
--

DROP TABLE IF EXISTS `SHOP_ORDER`;
/*!40101 SET @saved_cs_client     = @@character_set_client */;
/*!50503 SET character_set_client = utf8mb4 */;
CREATE TABLE `SHOP_ORDER` (
  `ORDER_ID` int NOT NULL AUTO_INCREMENT,
  `USER_ID` int NOT NULL,
  `ORDER_DATE` datetime NOT NULL,
  `PAYMENT_METHOD` int NOT NULL,
  `SHIPPING_ADDRESS` varchar(100) CHARACTER SET utf8mb3 COLLATE utf8mb3_general_ci NOT NULL,
  `SHIPPING_METHOD` int NOT NULL,
  `ORDER_TOTAL` mediumtext NOT NULL,
  `ORDER_STATUS` int NOT NULL,
  PRIMARY KEY (`ORDER_ID`),
  KEY `FK_SHOP_ORDER_USER_ID` (`USER_ID`),
  KEY `FK_SHOP_ORDER_PAYMENT_METHOD` (`PAYMENT_METHOD`),
  KEY `FK_SHOP_ORDER_SHIPPING_METHOD` (`SHIPPING_METHOD`),
  KEY `FK_SHOP_ORDER_ORDER_STATUS` (`ORDER_STATUS`),
  CONSTRAINT `SHOP_ORDER_ibfk_1` FOREIGN KEY (`USER_ID`) REFERENCES `USER` (`USER_ID`) ON DELETE RESTRICT,
  CONSTRAINT `SHOP_ORDER_ibfk_2` FOREIGN KEY (`PAYMENT_METHOD`) REFERENCES `PAYMENT_METHOD` (`PAYMENT_METHOD_ID`) ON DELETE RESTRICT,
  CONSTRAINT `SHOP_ORDER_ibfk_3` FOREIGN KEY (`SHIPPING_METHOD`) REFERENCES `SHIPPING_METHOD` (`SHIPPING_METHOD_ID`) ON DELETE RESTRICT,
  CONSTRAINT `SHOP_ORDER_ibfk_4` FOREIGN KEY (`ORDER_STATUS`) REFERENCES `ORDER_STATUS` (`ORDER_STATUS_ID`) ON DELETE RESTRICT
) ENGINE=InnoDB DEFAULT CHARSET=utf8mb4 COLLATE=utf8mb4_0900_ai_ci;
/*!40101 SET character_set_client = @saved_cs_client */;

--
-- Dumping data for table `SHOP_ORDER`
--

LOCK TABLES `SHOP_ORDER` WRITE;
/*!40000 ALTER TABLE `SHOP_ORDER` DISABLE KEYS */;
/*!40000 ALTER TABLE `SHOP_ORDER` ENABLE KEYS */;
UNLOCK TABLES;

--
-- Table structure for table `SHOP_ORDER_DETAILS`
--

DROP TABLE IF EXISTS `SHOP_ORDER_DETAILS`;
/*!40101 SET @saved_cs_client     = @@character_set_client */;
/*!50503 SET character_set_client = utf8mb4 */;
CREATE TABLE `SHOP_ORDER_DETAILS` (
  `SHOP_ORDER_ID` int NOT NULL,
  `PRODUCT_ITEM_ID` int NOT NULL,
  `QUANTITY` int NOT NULL,
  `PRICE` int NOT NULL,
  KEY `FK_SHOP_ORDER_DETAILS_SHOP_ORDER_ID` (`SHOP_ORDER_ID`),
  KEY `FK_SHOP_ORDER_DETAILS_PRODUCT_ITEM_ID` (`PRODUCT_ITEM_ID`),
  CONSTRAINT `SHOP_ORDER_DETAILS_ibfk_1` FOREIGN KEY (`SHOP_ORDER_ID`) REFERENCES `SHOP_ORDER` (`ORDER_ID`) ON DELETE RESTRICT,
  CONSTRAINT `SHOP_ORDER_DETAILS_ibfk_2` FOREIGN KEY (`PRODUCT_ITEM_ID`) REFERENCES `PRODUCT_ITEM` (`PRODUCT_ITEM_ID`) ON DELETE RESTRICT
) ENGINE=InnoDB DEFAULT CHARSET=utf8mb4 COLLATE=utf8mb4_0900_ai_ci;
/*!40101 SET character_set_client = @saved_cs_client */;

--
-- Dumping data for table `SHOP_ORDER_DETAILS`
--

LOCK TABLES `SHOP_ORDER_DETAILS` WRITE;
/*!40000 ALTER TABLE `SHOP_ORDER_DETAILS` DISABLE KEYS */;
/*!40000 ALTER TABLE `SHOP_ORDER_DETAILS` ENABLE KEYS */;
UNLOCK TABLES;

--
-- Table structure for table `USER`
--

DROP TABLE IF EXISTS `USER`;
/*!40101 SET @saved_cs_client     = @@character_set_client */;
/*!50503 SET character_set_client = utf8mb4 */;
CREATE TABLE `USER` (
  `USER_ID` int NOT NULL AUTO_INCREMENT,
  `EMAIL` varchar(100) CHARACTER SET utf8mb3 COLLATE utf8mb3_general_ci NOT NULL,
  `PASSWORD` varchar(100) CHARACTER SET utf8mb3 COLLATE utf8mb3_general_ci NOT NULL,
  `USERNAME` varchar(256) CHARACTER SET utf8mb3 COLLATE utf8mb3_general_ci NOT NULL,
  `FIRST_NAME` varchar(100) CHARACTER SET utf8mb3 COLLATE utf8mb3_general_ci DEFAULT NULL,
  `LAST_NAME` varchar(100) CHARACTER SET utf8mb3 COLLATE utf8mb3_general_ci DEFAULT NULL,
  `AGE` int DEFAULT NULL,
  `ADDRESS` varchar(100) CHARACTER SET utf8mb3 COLLATE utf8mb3_general_ci DEFAULT NULL,
  `PHONE_NUMBER` varchar(20) CHARACTER SET utf8mb3 COLLATE utf8mb3_general_ci DEFAULT NULL,
  `SEX` varchar(10) CHARACTER SET utf8mb3 COLLATE utf8mb3_general_ci DEFAULT NULL,
  `ISADMIN` tinyint(1) DEFAULT '0',
  PRIMARY KEY (`USER_ID`),
  UNIQUE KEY `EMAIL` (`EMAIL`)
) ENGINE=InnoDB DEFAULT CHARSET=utf8mb4 COLLATE=utf8mb4_0900_ai_ci;
/*!40101 SET character_set_client = @saved_cs_client */;

--
-- Dumping data for table `USER`
--

LOCK TABLES `USER` WRITE;
/*!40000 ALTER TABLE `USER` DISABLE KEYS */;
/*!40000 ALTER TABLE `USER` ENABLE KEYS */;
UNLOCK TABLES;

--
-- Table structure for table `VARIANT`
--

DROP TABLE IF EXISTS `VARIANT`;
/*!40101 SET @saved_cs_client     = @@character_set_client */;
/*!50503 SET character_set_client = utf8mb4 */;
CREATE TABLE `VARIANT` (
  `VARIANT_ID` int NOT NULL AUTO_INCREMENT,
  `CATEGORY_ID` int NOT NULL,
  `VARIANT_NAME` varchar(50) CHARACTER SET utf8mb3 COLLATE utf8mb3_general_ci DEFAULT NULL,
  PRIMARY KEY (`VARIANT_ID`),
  KEY `FK_VARIANT_CATEGORY` (`CATEGORY_ID`),
  CONSTRAINT `VARIANT_ibfk_1` FOREIGN KEY (`CATEGORY_ID`) REFERENCES `CATEGORY` (`CATEGORY_ID`) ON DELETE RESTRICT
) ENGINE=InnoDB AUTO_INCREMENT=3 DEFAULT CHARSET=utf8mb4 COLLATE=utf8mb4_0900_ai_ci;
/*!40101 SET character_set_client = @saved_cs_client */;

--
-- Dumping data for table `VARIANT`
--

LOCK TABLES `VARIANT` WRITE;
/*!40000 ALTER TABLE `VARIANT` DISABLE KEYS */;
INSERT INTO `VARIANT` VALUES (1,2,'Color'),(2,2,'Size');
/*!40000 ALTER TABLE `VARIANT` ENABLE KEYS */;
UNLOCK TABLES;

--
-- Table structure for table `VARIANT_OPTION`
--

DROP TABLE IF EXISTS `VARIANT_OPTION`;
/*!40101 SET @saved_cs_client     = @@character_set_client */;
/*!50503 SET character_set_client = utf8mb4 */;
CREATE TABLE `VARIANT_OPTION` (
  `VARIANT_OPTION_ID` int NOT NULL AUTO_INCREMENT,
  `VARIANT_ID` int NOT NULL,
  `VARIANT_NAME` varchar(30) CHARACTER SET utf8mb3 COLLATE utf8mb3_general_ci DEFAULT NULL,
  PRIMARY KEY (`VARIANT_OPTION_ID`),
  KEY `FK_VARIANT_OPTION_VARIANT` (`VARIANT_ID`),
  CONSTRAINT `VARIANT_OPTION_ibfk_1` FOREIGN KEY (`VARIANT_ID`) REFERENCES `VARIANT` (`VARIANT_ID`) ON DELETE RESTRICT
) ENGINE=InnoDB AUTO_INCREMENT=9 DEFAULT CHARSET=utf8mb4 COLLATE=utf8mb4_0900_ai_ci;
/*!40101 SET character_set_client = @saved_cs_client */;

--
-- Dumping data for table `VARIANT_OPTION`
--

LOCK TABLES `VARIANT_OPTION` WRITE;
/*!40000 ALTER TABLE `VARIANT_OPTION` DISABLE KEYS */;
INSERT INTO `VARIANT_OPTION` VALUES (1,1,'Black'),(2,1,'White'),(3,1,'Blue'),(4,2,'S'),(5,2,'M'),(6,2,'L'),(7,2,'XL'),(8,2,'XXL');
/*!40000 ALTER TABLE `VARIANT_OPTION` ENABLE KEYS */;
UNLOCK TABLES;
/*!40103 SET TIME_ZONE=@OLD_TIME_ZONE */;

/*!40101 SET SQL_MODE=@OLD_SQL_MODE */;
/*!40014 SET FOREIGN_KEY_CHECKS=@OLD_FOREIGN_KEY_CHECKS */;
/*!40014 SET UNIQUE_CHECKS=@OLD_UNIQUE_CHECKS */;
/*!40101 SET CHARACTER_SET_CLIENT=@OLD_CHARACTER_SET_CLIENT */;
/*!40101 SET CHARACTER_SET_RESULTS=@OLD_CHARACTER_SET_RESULTS */;
/*!40101 SET COLLATION_CONNECTION=@OLD_COLLATION_CONNECTION */;
/*!40111 SET SQL_NOTES=@OLD_SQL_NOTES */;

-- Dump completed on 2023-05-10  6:55:30
